Type,Name,Request Count,Failure Count,Median Response Time,Average Response Time,Min Response Time,Max Response Time,Average Content Size,Requests/s,Failures/s,50%,66%,75%,80%,90%,95%,98%,99%,99.9%,99.99%,100%
GET,/fibonacci,1334,0,1600,2173.3785769692468,64.3988649972016,54084.591763999924,21.0,22.57225671202018,0.0,1600,1900,2000,2100,2200,2200,12000,29000,52000,54000,54000
,Aggregated,1334,0,1600,2173.3785769692468,64.3988649972016,54084.591763999924,21.0,22.57225671202018,0.0,1600,1900,2000,2100,2200,2200,12000,29000,52000,54000,54000
