Type,Name,Request Count,Failure Count,Median Response Time,Average Response Time,Min Response Time,Max Response Time,Average Content Size,Requests/s,Failures/s,50%,66%,75%,80%,90%,95%,98%,99%,99.9%,99.99%,100%
GET,/fibonacci,1191,0,1600,2386.214081769806,87.89031399646774,58445.73886499711,21.0,20.151853022762786,0.0,1600,1800,1900,1900,2100,3300,21000,38000,56000,58000,58000
,Aggregated,1191,0,1600,2386.214081769806,87.89031399646774,58445.73886499711,21.0,20.151853022762786,0.0,1600,1800,1900,1900,2100,3300,21000,38000,56000,58000,58000
