Type,Name,Request Count,Failure Count,Median Response Time,Average Response Time,Min Response Time,Max Response Time,Average Content Size,Requests/s,Failures/s,50%,66%,75%,80%,90%,95%,98%,99%,99.9%,99.99%,100%
GET,/fibonacci,1292,0,1600,2288.2893951237556,87.20619199448265,57417.117527998926,21.0,21.855210044451525,0.0,1600,1900,2000,2000,2200,2600,16000,35000,56000,57000,57000
,Aggregated,1292,0,1600,2288.2893951237556,87.20619199448265,57417.117527998926,21.0,21.855210044451525,0.0,1600,1900,2000,2000,2200,2600,16000,35000,56000,57000,57000
