Type,Name,Request Count,Failure Count,Median Response Time,Average Response Time,Min Response Time,Max Response Time,Average Content Size,Requests/s,Failures/s,50%,66%,75%,80%,90%,95%,98%,99%,99.9%,99.99%,100%
GET,/fibonacci,1189,0,1500,2390.6232414365527,88.09817599831149,58538.53720900224,21.0,20.11645810508066,0.0,1500,1800,1900,2000,2100,3300,21000,38000,56000,59000,59000
,Aggregated,1189,0,1500,2390.6232414365527,88.09817599831149,58538.53720900224,21.0,20.11645810508066,0.0,1500,1800,1900,2000,2100,3300,21000,38000,56000,59000,59000
