Type,Name,Request Count,Failure Count,Median Response Time,Average Response Time,Min Response Time,Max Response Time,Average Content Size,Requests/s,Failures/s,50%,66%,75%,80%,90%,95%,98%,99%,99.9%,99.99%,100%
GET,/fibonacci,1292,0,1600,2287.753322190533,88.32060999702662,57404.160444995796,21.0,14.033502216029746,0.0,1600,1900,2000,2000,2200,2700,16000,35000,56000,57000,57000
,Aggregated,1292,0,1600,2287.753322190533,88.32060999702662,57404.160444995796,21.0,14.033502216029746,0.0,1600,1900,2000,2000,2200,2700,16000,35000,56000,57000,57000
