Type,Name,Request Count,Failure Count,Median Response Time,Average Response Time,Min Response Time,Max Response Time,Average Content Size,Requests/s,Failures/s,50%,66%,75%,80%,90%,95%,98%,99%,99.9%,99.99%,100%
GET,/,244234,0,17,17.20996906824939,3.853704998618923,731.0910810010682,24.0,4077.562962026402,0.0,17,18,19,20,21,24,28,29,33,730,730
,Aggregated,244234,0,17,17.20996906824939,3.853704998618923,731.0910810010682,24.0,4077.562962026402,0.0,17,18,19,20,21,24,28,29,33,730,730
